{"stats":{"minecraft:custom":{"minecraft:time_since_rest":8061,"minecraft:play_time":8061,"minecraft:sprint_one_cm":19950,"minecraft:damage_taken":20,"minecraft:walk_one_cm":25396,"minecraft:jump":124,"minecraft:damage_dealt":18,"minecraft:leave_game":1,"minecraft:time_since_death":8061,"minecraft:total_world_time":8061,"minecraft:interact_with_crafting_table":1,"minecraft:fall_one_cm":2402,"minecraft:fly_one_cm":24190},"minecraft:crafted":{"minecraft:wooden_sword":1,"minecraft:oak_planks":40,"minecraft:stick":4},"minecraft:used":{"minecraft:crafting_table":1},"minecraft:picked_up":{"minecraft:crafting_table":1,"minecraft:wheat_seeds":11,"minecraft:oak_log":10,"minecraft:oak_sapling":5},"minecraft:mined":{"minecraft:grass":91,"minecraft:oak_log":10,"minecraft:oak_leaves":1,"minecraft:crafting_table":1}},"DataVersion":2975}