{"stats":{"minecraft:custom":{"minecraft:time_since_rest":11068,"minecraft:sprint_one_cm":19950,"minecraft:play_time":11068,"minecraft:damage_taken":125,"minecraft:walk_one_cm":35840,"minecraft:jump":133,"minecraft:damage_dealt":18,"minecraft:leave_game":2,"minecraft:time_since_death":11068,"minecraft:total_world_time":11068,"minecraft:interact_with_crafting_table":1,"minecraft:fall_one_cm":2402,"minecraft:fly_one_cm":24610},"minecraft:crafted":{"minecraft:wooden_sword":1,"minecraft:oak_planks":40,"minecraft:stick":4},"minecraft:used":{"minecraft:dirt":22,"minecraft:mutton":1,"minecraft:crafting_table":1,"minecraft:wooden_pickaxe":27},"minecraft:picked_up":{"minecraft:crafting_table":1,"minecraft:wheat_seeds":12,"minecraft:oak_log":10,"minecraft:oak_sapling":5,"minecraft:dirt":25,"minecraft:cobblestone":26},"minecraft:mined":{"minecraft:grass":91,"minecraft:grass_block":8,"minecraft:oak_log":10,"minecraft:dirt":3,"minecraft:stone":26,"minecraft:oak_leaves":1,"minecraft:crafting_table":1}},"DataVersion":2975}