{"stats":{"minecraft:crafted":{"minecraft:stone_sword":2,"minecraft:oak_planks":16,"minecraft:stone_axe":1,"minecraft:crafting_table":1,"minecraft:stick":8,"minecraft:stone_pickaxe":1,"minecraft:wooden_pickaxe":1},"minecraft:used":{"minecraft:dirt":15,"minecraft:crafting_table":1,"minecraft:wooden_pickaxe":17},"minecraft:picked_up":{"minecraft:wheat_seeds":1,"minecraft:oak_log":4,"minecraft:dirt":15,"minecraft:cobblestone":16},"minecraft:mined":{"minecraft:grass":4,"minecraft:grass_block":15,"minecraft:oak_log":4,"minecraft:stone":16,"minecraft:oak_leaves":2},"minecraft:custom":{"minecraft:time_since_rest":4773,"minecraft:crouch_one_cm":1721,"minecraft:play_time":4773,"minecraft:sprint_one_cm":1706,"minecraft:walk_one_cm":4928,"minecraft:sneak_time":509,"minecraft:jump":17,"minecraft:leave_game":1,"minecraft:time_since_death":4773,"minecraft:total_world_time":4773,"minecraft:interact_with_crafting_table":5,"minecraft:fall_one_cm":209,"minecraft:fly_one_cm":3491}},"DataVersion":2975}