{"stats":{"minecraft:mined":{"minecraft:birch_log":6,"minecraft:birch_leaves":2},"minecraft:picked_up":{"minecraft:birch_log":6},"minecraft:custom":{"minecraft:jump":23,"minecraft:time_since_rest":2331,"minecraft:crouch_one_cm":431,"minecraft:leave_game":1,"minecraft:sprint_one_cm":2543,"minecraft:play_time":2331,"minecraft:damage_taken":20,"minecraft:time_since_death":2331,"minecraft:walk_one_cm":917,"minecraft:sneak_time":376,"minecraft:total_world_time":2331,"minecraft:fall_one_cm":613,"minecraft:fly_one_cm":5769}},"DataVersion":3953}