{"stats":{"minecraft:custom":{"minecraft:jump":189,"minecraft:time_since_rest":5708,"minecraft:leave_game":1,"minecraft:damage_dealt":55,"minecraft:crouch_one_cm":254,"minecraft:sprint_one_cm":32275,"minecraft:play_time":5708,"minecraft:damage_taken":30,"minecraft:time_since_death":5708,"minecraft:walk_one_cm":10591,"minecraft:sneak_time":74,"minecraft:total_world_time":5708,"minecraft:fall_one_cm":5931,"minecraft:fly_one_cm":46132},"minecraft:used":{"minecraft:dirt":4},"minecraft:picked_up":{"minecraft:dirt":12},"minecraft:mined":{"minecraft:grass":1,"minecraft:grass_block":8,"minecraft:dirt":3}},"DataVersion":2975}