{"stats":{"minecraft:custom":{"minecraft:jump":46,"minecraft:time_since_rest":3304,"minecraft:leave_game":1,"minecraft:crouch_one_cm":303,"minecraft:sprint_one_cm":3325,"minecraft:play_time":3304,"minecraft:damage_taken":18,"minecraft:time_since_death":3304,"minecraft:walk_one_cm":1343,"minecraft:sneak_time":84,"minecraft:total_world_time":3304,"minecraft:fall_one_cm":209,"minecraft:drop":1,"minecraft:fly_one_cm":17368},"minecraft:dropped":{"minecraft:wheat_seeds":1},"minecraft:used":{"minecraft:dirt":4,"minecraft:obsidian":7},"minecraft:picked_up":{"minecraft:wheat_seeds":1,"minecraft:dirt":4},"minecraft:mined":{"minecraft:grass_block":4}},"DataVersion":2975}