{"stats":{"minecraft:crafted":{"minecraft:crafting_table":1,"minecraft:stick":12,"minecraft:cooked_chicken":4,"minecraft:wooden_pickaxe":1,"minecraft:stone_pickaxe":1,"minecraft:wooden_axe":1,"minecraft:stone_sword":1,"minecraft:furnace":1,"minecraft:birch_planks":24,"minecraft:stone_axe":1,"minecraft:air":0},"minecraft:dropped":{"minecraft:birch_sapling":1},"minecraft:mined":{"minecraft:nether_gold_ore":12,"minecraft:furnace":1,"minecraft:birch_log":44,"minecraft:birch_leaves":2,"minecraft:crafting_table":2,"minecraft:short_grass":2,"minecraft:grass_block":3,"minecraft:coal_ore":3,"minecraft:dirt":3,"minecraft:stone":16,"minecraft:netherrack":464},"minecraft:picked_up":{"minecraft:wooden_axe":1,"minecraft:birch_log":80,"minecraft:stick":6,"minecraft:crafting_table":3,"minecraft:feather":6,"minecraft:chicken":8,"minecraft:wooden_pickaxe":1,"minecraft:birch_planks":8,"minecraft:dirt":12,"minecraft:stone_sword":1,"minecraft:stone_axe":1,"minecraft:gold_nugget":50,"minecraft:stone_pickaxe":1,"minecraft:netherrack":373,"minecraft:birch_sapling":3,"minecraft:coal":8,"minecraft:cobblestone":16,"minecraft:furnace":1},"minecraft:killed_by":{"minecraft:zombie":1},"minecraft:killed":{"minecraft:zombie":2,"minecraft:chicken":4,"minecraft:spider":1},"minecraft:custom":{"minecraft:time_since_rest":7322,"minecraft:interact_with_furnace":10,"minecraft:sprint_one_cm":28157,"minecraft:damage_taken":470,"minecraft:walk_one_cm":21078,"minecraft:mob_kills":8,"minecraft:drop":1,"minecraft:damage_dealt":701,"minecraft:interact_with_crafting_table":2,"minecraft:fly_one_cm":69076,"minecraft:crouch_one_cm":2502,"minecraft:play_time":11875,"minecraft:deaths":1,"minecraft:sneak_time":625,"minecraft:jump":211,"minecraft:leave_game":1,"minecraft:time_since_death":7272,"minecraft:total_world_time":11875,"minecraft:fall_one_cm":2457},"minecraft:used":{"minecraft:wooden_axe":8,"minecraft:stone_sword":20,"minecraft:flint_and_steel":2,"minecraft:grass_block":4,"minecraft:stone_pickaxe":5,"minecraft:wooden_pickaxe":16,"minecraft:basalt":3,"minecraft:cooked_chicken":2,"minecraft:netherrack":74,"minecraft:stone_axe":33,"minecraft:crafting_table":2,"minecraft:furnace":1,"minecraft:netherite_pickaxe":476,"minecraft:birch_log":2,"minecraft:obsidian":23}},"DataVersion":3953}