{"stats":{"minecraft:crafted":{"minecraft:crafting_table":1,"minecraft:stick":12,"minecraft:wooden_pickaxe":1,"minecraft:stone_pickaxe":1,"minecraft:wooden_axe":1,"minecraft:stone_sword":1,"minecraft:furnace":1,"minecraft:birch_planks":24,"minecraft:stone_axe":1},"minecraft:dropped":{"minecraft:birch_sapling":1},"minecraft:mined":{"minecraft:birch_log":44,"minecraft:birch_leaves":2,"minecraft:crafting_table":2,"minecraft:short_grass":2,"minecraft:grass_block":3,"minecraft:coal_ore":3,"minecraft:dirt":3,"minecraft:stone":16},"minecraft:picked_up":{"minecraft:wooden_axe":1,"minecraft:birch_log":80,"minecraft:stick":6,"minecraft:crafting_table":3,"minecraft:feather":6,"minecraft:chicken":8,"minecraft:wooden_pickaxe":1,"minecraft:birch_planks":8,"minecraft:dirt":12,"minecraft:stone_sword":1,"minecraft:stone_axe":1,"minecraft:stone_pickaxe":1,"minecraft:birch_sapling":3,"minecraft:coal":6,"minecraft:cobblestone":16},"minecraft:killed_by":{"minecraft:zombie":1},"minecraft:killed":{"minecraft:zombie":1,"minecraft:chicken":4,"minecraft:spider":1},"minecraft:custom":{"minecraft:time_since_rest":893,"minecraft:interact_with_furnace":4,"minecraft:sprint_one_cm":19397,"minecraft:damage_taken":445,"minecraft:walk_one_cm":9894,"minecraft:mob_kills":6,"minecraft:drop":1,"minecraft:damage_dealt":534,"minecraft:interact_with_crafting_table":2,"minecraft:fly_one_cm":20255,"minecraft:play_time":5446,"minecraft:deaths":1,"minecraft:jump":121,"minecraft:time_since_death":843,"minecraft:total_world_time":5446,"minecraft:fall_one_cm":1830},"minecraft:used":{"minecraft:wooden_axe":8,"minecraft:stone_sword":17,"minecraft:stone_pickaxe":4,"minecraft:wooden_pickaxe":16,"minecraft:stone_axe":33,"minecraft:crafting_table":2,"minecraft:furnace":1,"minecraft:birch_log":2}},"DataVersion":3953}